{
  "resources": [
    "sfx.ogg",
    "sfx.mp3"
  ],
  "spritemap": {
    "battleLost": {
      "start": 0,
      "end": 1.8933560090702948,
      "loop": false
    },
    "battleWon": {
      "start": 3,
      "end": 4.961043083900227,
      "loop": false
    },
    "bonusPickup": {
      "start": 6,
      "end": 6.27562358276644,
      "loop": false
    },
    "click": {
      "start": 8,
      "end": 8.078888888888889,
      "loop": false
    },
    "countdownBeep": {
      "start": 10,
      "end": 10.41485260770975,
      "loop": false
    },
    "countdownGo": {
      "start": 12,
      "end": 12.470408163265306,
      "loop": false
    },
    "dizzy": {
      "start": 14,
      "end": 14.565328798185941,
      "loop": false
    },
    "extraPoints": {
      "start": 16,
      "end": 17.015396825396824,
      "loop": false
    },
    "lowTime": {
      "start": 19,
      "end": 19.1946485260771,
      "loop": false
    },
    "death": {
      "start": 21,
      "end": 21.54691609977324,
      "loop": false
    },
    "godMode": {
      "start": 23,
      "end": 25.666122448979593,
      "loop": false
    },
    "hitIce": {
      "start": 27,
      "end": 27.511950113378685,
      "loop": false
    },
    "hitRock": {
      "start": 29,
      "end": 29.268027210884355,
      "loop": false
    },
    "hitWood": {
      "start": 31,
      "end": 31.201020408163266,
      "loop": false
    },
    "levelUp": {
      "start": 33,
      "end": 35.77315192743764,
      "loop": false
    },
    "timeFreeze": {
      "start": 37,
      "end": 38.24526077097506,
      "loop": false
    },
    "timeRefill": {
      "start": 40,
      "end": 40.57469387755102,
      "loop": false
    }
  }
}